{
  "hash": "b057af2b",
  "configHash": "f2707afa",
  "lockfileHash": "a4e6b82c",
  "browserHash": "7ba4436a",
  "optimized": {
    "@angular/common/http": {
      "src": "../../../../../../node_modules/@angular/common/fesm2022/http.mjs",
      "file": "@angular_common_http.js",
      "fileHash": "2bffefb4",
      "needsInterop": false
    },
    "@angular/core": {
      "src": "../../../../../../node_modules/@angular/core/fesm2022/core.mjs",
      "file": "@angular_core.js",
      "fileHash": "32ceb171",
      "needsInterop": false
    },
    "@angular/platform-browser": {
      "src": "../../../../../../node_modules/@angular/platform-browser/fesm2022/platform-browser.mjs",
      "file": "@angular_platform-browser.js",
      "fileHash": "57393c0a",
      "needsInterop": false
    },
    "@angular/router": {
      "src": "../../../../../../node_modules/@angular/router/fesm2022/router.mjs",
      "file": "@angular_router.js",
      "fileHash": "22f62086",
      "needsInterop": false
    }
  },
  "chunks": {
    "chunk-I22THTPC": {
      "file": "chunk-I22THTPC.js"
    },
    "chunk-STCXR2KC": {
      "file": "chunk-STCXR2KC.js"
    },
    "chunk-ZTK5XKYS": {
      "file": "chunk-ZTK5XKYS.js"
    }
  }
}